"DESCRIPTION","DURATION IN MS","NAME","PARENT SUITE","START TIME","STATUS","STOP TIME","SUB SUITE","SUITE","TEST CLASS","TEST METHOD"
"","8940","searching for an existing colour shows matching results","desktop-chrome","2026-10-02","passed","2026-10-02","Search for a colour","","",""
"","9382","text locators match visible copy on the page","desktop-chrome","2026-10-02","passed","2026-10-02","Locators & assertions showcase","","",""
"","493","cart page responds before the UI journey runs","api","2026-10-02","passed","2026-10-02","API setup — precondition checks","","",""
"","26552","mobile customer adds a tester to the basket via the hamburger menu","mobile-chrome","2026-10-02","passed","2026-10-02","Purchase a colour tester","","",""
"","28563","desktop customer adds a tester to the basket via the colour finder","desktop-chrome","2026-10-02","passed","2026-10-02","Purchase a colour tester","","",""
"","11285","annotations attach metadata visible in the HTML/Allure reports","desktop-chrome","2026-10-02","passed","2026-10-02","Test runner config showcase","","",""
"","17918","navigating updates the page URL and title","desktop-chrome","2026-10-02","passed","2026-10-02","Locators & assertions showcase","","",""
"","9189","soft assertions report every failing check, not just the first","desktop-chrome","2026-10-02","passed","2026-10-02","Test runner config showcase","","",""
"","10365","count assertions describe how many matches a locator has","desktop-chrome","2026-10-02","passed","2026-10-02","Locators & assertions showcase","","",""
"","6477","cart page renders an empty basket","desktop-chrome","2026-10-02","passed","2026-10-02","Trace Viewer & parallel tests showcase","","",""
"","24107","desktop customer opens the Visualizer App in a new tab","desktop-chrome","2026-10-02","passed","2026-10-02","Visualizer App","","",""
"","9251","role-based locators identify elements by their accessible name","desktop-chrome","2026-10-02","passed","2026-10-02","Locators & assertions showcase","","",""
"","30460","desktop customer adds a tester to the basket via the colour finder","desktop-firefox","2026-10-02","broken","2026-10-02","Purchase a colour tester","","",""
"","31097","desktop customer adds a tester to the basket via the colour finder","desktop-webkit","2026-10-02","broken","2026-10-02","Purchase a colour tester","","",""
"","9230","a slow check can opt into a longer per-test timeout","desktop-chrome","2026-10-02","passed","2026-10-02","Test runner config showcase","","",""
"","10529","home page has no serious or critical accessibility violations","desktop-chrome","2026-10-02","failed","2026-10-02","Accessibility checks","","",""
"","8898","searching for a non-existent colour shows a no-results message","desktop-chrome","2026-10-02","passed","2026-10-02","Search for a colour","","",""
"","12559","home page renders its main navigation","desktop-chrome","2026-10-02","passed","2026-10-02","Trace Viewer & parallel tests showcase","","",""
"","22427","mobile customer's tap doesn't crash or navigate away from the colour page","mobile-chrome","2026-10-02","passed","2026-10-02","Visualizer App","","",""
"","6920","cart page has no serious or critical accessibility violations","desktop-chrome","2026-10-02","failed","2026-10-02","Accessibility checks","","",""
"","9481","expensive checks can be skipped in CI with a documented reason","desktop-chrome","2026-10-02","skipped","2026-10-02","Test runner config showcase","","",""
"","410","home page responds before the UI journey runs","api","2026-10-02","passed","2026-10-02","API setup — precondition checks","","",""
"","45111","quantity input accepts valid values and rejects zero, negative and above-max values","desktop-chrome","2026-10-02","passed","2026-10-02","Cart quantity boundary values","","",""
